Global Volcanism Program - Volcanoes of the World 4.5.1;;;Basic List of Holocene Volcanoes;;Downloaded on 02 Oct 2016 at 08:04 AM;;;;;;;
Volcano Number;Volcano Name;Country;Primary Volcano Type;Activity Evidence;Last Known Eruption;Region;Subregion;Latitude;Longitude;Elevation (m);Dominant Rock Type;Tectonic Setting
210010;West Eifel Volcanic Field;Germany;Maar(s);Eruption Dated;8300 BCE;Mediterranean and Western Asia;Western Europe;50.17;6.85;600;Foidite;Rift zone / Continental crust (>25 km)
210020;Chaine des Puys;France;Lava dome(s);Eruption Dated;4040 BCE;Mediterranean and Western Asia;Western Europe;45.775;2.97;1464;Basalt / Picro-Basalt;Rift zone / Continental crust (>25 km)
210030;Olot Volcanic Field;Spain;Pyroclastic cone(s);Evidence Credible;Unknown;Mediterranean and Western Asia;Western Europe;42.17;2.53;893;Trachybasalt / Tephrite Basanite;Intraplate / Continental crust (>25 km)
210040;Calatrava Volcanic Field;Spain;Pyroclastic cone(s);Eruption Dated;3600 BCE;Mediterranean and Western Asia;Western Europe;38.87;-4.02;1117;Basalt / Picro-Basalt;Intraplate / Continental crust (>25 km)
211001;Larderello;Italy;Explosion crater(s);Eruption Observed;1282 CE;Mediterranean and Western Asia;Italy;43.25;10.87;500;No Data (checked);Subduction zone / Continental crust (>25 km)
211003;Vulsini;Italy;Caldera;Eruption Observed;104 BCE;Mediterranean and Western Asia;Italy;42.6;11.93;800;Trachyte / Trachydacite;Subduction zone / Continental crust (>25 km)
211004;Alban Hills;Italy;Caldera;Evidence Uncertain;Unknown;Mediterranean and Western Asia;Italy;41.73;12.7;949;Foidite;Subduction zone / Continental crust (>25 km)
211010;Campi Flegrei;Italy;Caldera;Eruption Observed;1538 CE;Mediterranean and Western Asia;Italy;40.827;14.139;458;Trachyte / Trachydacite;Subduction zone / Continental crust (>25 km)
211020;Vesuvius;Italy;Stratovolcano;Eruption Observed;1944 CE;Mediterranean and Western Asia;Italy;40.821;14.426;1281;Phono-tephrite /  Tephri-phonolite;Subduction zone / Continental crust (>25 km)
211030;Ischia;Italy;Complex;Eruption Observed;1302 CE;Mediterranean and Western Asia;Italy;40.73;13.897;789;Trachyte / Trachydacite;Subduction zone / Continental crust (>25 km)
211031;Palinuro;Italy;Submarine;Eruption Dated;8040 BCE;Mediterranean and Western Asia;Italy;39.48;14.83;-70;Phonolite;Subduction zone / Continental crust (>25 km)
211040;Stromboli;Italy;Stratovolcano;Eruption Observed;2016 CE;Mediterranean and Western Asia;Italy;38.789;15.213;924;Trachyandesite / Basaltic Trachyandesite;Subduction zone / Continental crust (>25 km)
211041;Panarea;Italy;Stratovolcano;Evidence Uncertain;Unknown;Mediterranean and Western Asia;Italy;38.63;15.07;421;Andesite / Basaltic Andesite;Subduction zone / Continental crust (>25 km)
211042;Lipari;Italy;Stratovolcano(es);Eruption Dated;1230 CE;Mediterranean and Western Asia;Italy;38.48;14.95;602;Rhyolite;Subduction zone / Continental crust (>25 km)
211050;Vulcano;Italy;Stratovolcano(es);Eruption Observed;1890 CE;Mediterranean and Western Asia;Italy;38.404;14.962;500;Trachybasalt / Tephrite Basanite;Subduction zone / Continental crust (>25 km)
211060;Etna;Italy;Stratovolcano(es);Eruption Observed;2016 CE;Mediterranean and Western Asia;Italy;37.734;15.004;3330;Trachybasalt / Tephrite Basanite;Subduction zone / Continental crust (>25 km)
211070;Campi Flegrei Mar Sicilia;Italy;Submarine;Eruption Observed;1867 CE;Mediterranean and Western Asia;Italy;37.1;12.7;-8;Trachybasalt / Tephrite Basanite;Rift zone / Continental crust (>25 km)
211071;Pantelleria;Italy;Shield;Eruption Observed;1891 CE;Mediterranean and Western Asia;Italy;36.77;12.02;836;Rhyolite;Rift zone / Continental crust (>25 km)
211080;Marsili;Italy;Submarine;Eruption Dated;1050 BCE;Mediterranean and Western Asia;Italy;39.284;14.399;-779;;
211800;Amiata;Italy;Lava dome(s);Unrest / Pleistocene;Unknown;Mediterranean and Western Asia;Italy;42.9;11.63;1738;;Subduction zone / Continental crust (>25 km)
212020;Methana;Greece;Lava dome(s);Eruption Observed;258 BCE;Mediterranean and Western Asia;Greece;37.615;23.336;760;Andesite / Basaltic Andesite;Subduction zone / Continental crust (>25 km)
212030;Milos;Greece;Stratovolcano(es);Eruption Dated;140 CE;Mediterranean and Western Asia;Greece;36.699;24.439;751;Rhyolite;Subduction zone / Continental crust (>25 km)
212040;Santorini;Greece;Shield(s);Eruption Observed;1950 CE;Mediterranean and Western Asia;Greece;36.404;25.396;367;Dacite;Subduction zone / Continental crust (>25 km)
212050;Nisyros;Greece;Stratovolcano;Eruption Observed;1888 CE;Mediterranean and Western Asia;Greece;36.586;27.16;698;Dacite;Subduction zone / Continental crust (>25 km)
212051;Yali;Greece;Lava dome(s);Evidence Credible;Unknown;Mediterranean and Western Asia;Greece;36.671;27.14;180;Rhyolite;Subduction zone / Continental crust (>25 km)
212805;Kos;Greece;Caldera(s);Unrest / Pleistocene;Unknown;Mediterranean and Western Asia;Greece;36.852;27.251;430;;Subduction zone / Continental crust (>25 km)
213000;Kula;Turkey;Pyroclastic cone(s);Evidence Credible;Unknown;Mediterranean and Western Asia;Turkey;38.58;28.52;750;Trachybasalt / Tephrite Basanite;Intraplate / Continental crust (>25 km)
213001;Karapinar Field;Turkey;Pyroclastic cone(s);Evidence Credible;Unknown;Mediterranean and Western Asia;Turkey;37.67;33.65;1302;Trachyandesite / Basaltic Trachyandesite;Intraplate / Continental crust (>25 km)
213002;Hasan Dagi;Turkey;Stratovolcano;Evidence Credible;Unknown;Mediterranean and Western Asia;Turkey;38.13;34.17;3253;Dacite;Intraplate / Continental crust (>25 km)
213003;Gollu Dag;Turkey;Lava dome;Evidence Uncertain;Unknown;Mediterranean and Western Asia;Turkey;38.25;34.57;2143;Rhyolite;Intraplate / Continental crust (>25 km)
213004;Acigol-Nevsehir;Turkey;Caldera;Eruption Dated;2080 BCE;Mediterranean and Western Asia;Turkey;38.537;34.621;1683;Rhyolite;Intraplate / Continental crust (>25 km)
213010;Erciyes Dagi;Turkey;Stratovolcano;Eruption Dated;6880 BCE;Mediterranean and Western Asia;Turkey;38.531;35.447;3864;Dacite;Intraplate / Continental crust (>25 km)
213011;Karaca Dag;Turkey;Shield;Evidence Credible;Unknown;Mediterranean and Western Asia;Turkey;37.67;39.83;1957;Basalt / Picro-Basalt;Intraplate / Continental crust (>25 km)
213020;Nemrut Dagi;Turkey;Stratovolcano;Eruption Observed;1650 CE;Mediterranean and Western Asia;Turkey;38.654;42.229;2948;Rhyolite;Intraplate / Continental crust (>25 km)
213030;Tenduruk Dagi;Turkey;Shield;Eruption Observed;1855 CE;Mediterranean and Western Asia;Turkey;39.356;43.874;3514;Basalt / Picro-Basalt;Intraplate / Continental crust (>25 km)
213040;Ararat;Turkey;Stratovolcano;Eruption Observed;1840 CE;Mediterranean and Western Asia;Turkey;39.7;44.3;5165;Andesite / Basaltic Andesite;Intraplate / Continental crust (>25 km)
214010;Elbrus;Russia;Stratovolcano;Eruption Dated;50 CE;Mediterranean and Western Asia;Western Asia;43.351;42.442;5642;Dacite;Intraplate / Continental crust (>25 km)
214020;Kazbek;Georgia;Stratovolcano;Eruption Dated;750 BCE;Mediterranean and Western Asia;Western Asia;42.7;44.5;5050;Andesite / Basaltic Andesite;Intraplate / Continental crust (>25 km)
214050;Samsari Volcanic Center;Georgia;Lava cone(s);Evidence Uncertain;Unknown;Mediterranean and Western Asia;Western Asia;41.542;43.7;3290;Andesite / Basaltic Andesite;Intraplate / Continental crust (>25 km)
214060;Aragats;Armenia;Stratovolcano;Evidence Credible;Unknown;Mediterranean and Western Asia;Western Asia;40.53;44.2;4095;Andesite / Basaltic Andesite;Intraplate / Continental crust (>25 km)
214070;Ghegam Ridge;Armenia;Volcanic field;Eruption Dated;1900 BCE;Mediterranean and Western Asia;Western Asia;40.275;44.75;3597;Andesite / Basaltic Andesite;Intraplate / Continental crust (>25 km)
214080;Dar-Alages;Armenia;Volcanic field(s);Eruption Dated;2000 BCE;Mediterranean and Western Asia;Western Asia;39.704;45.551;1637;Andesite / Basaltic Andesite;Intraplate / Continental crust (>25 km)
214090;Porak;Armenia-Azerbaijan;Stratovolcano;Eruption Dated;778 BCE;Mediterranean and Western Asia;Western Asia;40.028;45.74;3029;Andesite / Basaltic Andesite;Intraplate / Continental crust (>25 km)
214100;Tskhouk-Karckar;Armenia-Azerbaijan;Pyroclastic cone(s);Eruption Dated;3000 BCE;Mediterranean and Western Asia;Western Asia;39.73;46.02;3000;Andesite / Basaltic Andesite;Intraplate / Continental crust (>25 km)
221010;Tair, Jebel at;Yemen;Stratovolcano;Eruption Observed;2008 CE;Africa and Red Sea;Africa (northeastern) and Red Sea;15.55;41.83;244;Trachybasalt / Tephrite Basanite;Rift zone / Oceanic crust (< 15 km)
221020;Zubair Group;Yemen;Shield;Eruption Observed;2013 CE;Africa and Red Sea;Africa (northeastern) and Red Sea;15.05;42.18;191;Basalt / Picro-Basalt;Rift zone / Oceanic crust (< 15 km)
221021;Zukur;Yemen;Shield;Evidence Credible;Unknown;Africa and Red Sea;Africa (northeastern) and Red Sea;14.02;42.75;624;Basalt / Picro-Basalt;Rift zone / Oceanic crust (< 15 km)
221022;Hanish;Yemen;Shield;Evidence Credible;Unknown;Africa and Red Sea;Africa (northeastern) and Red Sea;13.72;42.73;422;Basalt / Picro-Basalt;Rift zone / Oceanic crust (< 15 km)
221030;Jalua;Eritrea;Stratovolcano;Evidence Credible;Unknown;Africa and Red Sea;Africa (northeastern) and Red Sea;15.042;39.82;713;Basalt / Picro-Basalt;Rift zone / Intermediate crust (15-25 km)
221040;Alid;Eritrea;Stratovolcano;Evidence Credible;Unknown;Africa and Red Sea;Africa (northeastern) and Red Sea;14.88;39.92;904;Rhyolite;Rift zone / Intermediate crust (15-25 km)
221041;Dallol;Ethiopia;Explosion crater(s);Eruption Observed;2011 CE;Africa and Red Sea;Africa (northeastern) and Red Sea;14.242;40.3;-48;No Data (checked);Rift zone / Intermediate crust (15-25 km)
221050;Gada Ale;Ethiopia;Stratovolcano;Evidence Credible;Unknown;Africa and Red Sea;Africa (northeastern) and Red Sea;13.975;40.408;287;Basalt / Picro-Basalt;Rift zone / Intermediate crust (15-25 km)
221060;Alu-Dalafilla;Ethiopia;Fissure vent(s);Eruption Observed;2008 CE;Africa and Red Sea;Africa (northeastern) and Red Sea;13.793;40.553;578;Basalt / Picro-Basalt;Rift zone / Intermediate crust (15-25 km)
221071;Bora Ale;Ethiopia;Stratovolcano;Evidence Credible;Unknown;Africa and Red Sea;Africa (northeastern) and Red Sea;13.725;40.6;668;Basalt / Picro-Basalt;Rift zone / Intermediate crust (15-25 km)
221080;Erta Ale;Ethiopia;Shield;Eruption Observed;2016 CE;Africa and Red Sea;Africa (northeastern) and Red Sea;13.6;40.67;613;Basalt / Picro-Basalt;Rift zone / Intermediate crust (15-25 km)
221090;Ale Bagu;Ethiopia;Stratovolcano;Evidence Credible;Unknown;Africa and Red Sea;Africa (northeastern) and Red Sea;13.52;40.63;1031;Basalt / Picro-Basalt;Rift zone / Intermediate crust (15-25 km)
221091;Hayli Gubbi;Ethiopia;Shield;Evidence Credible;Unknown;Africa and Red Sea;Africa (northeastern) and Red Sea;13.5;40.72;521;Basalt / Picro-Basalt;Rift zone / Intermediate crust (15-25 km)
221100;Dubbi;Eritrea;Stratovolcano;Eruption Observed;1861 CE;Africa and Red Sea;Africa (northeastern) and Red Sea;13.579;41.809;1625;Basalt / Picro-Basalt;Rift zone / Intermediate crust (15-25 km)
221101;Nabro;Eritrea;Stratovolcano;Eruption Observed;2012 CE;Africa and Red Sea;Africa (northeastern) and Red Sea;13.37;41.7;2218;Trachyte / Trachydacite;Rift zone / Intermediate crust (15-25 km)
221102;Mallahle;Ethiopia-Eritrea;Stratovolcano;Evidence Uncertain;Unknown;Africa and Red Sea;Africa (northeastern) and Red Sea;13.27;41.65;1875;Trachyte / Trachydacite;Rift zone / Intermediate crust (15-25 km)
221103;Sork Ale;Ethiopia-Eritrea;Stratovolcano;Evidence Uncertain;Unknown;Africa and Red Sea;Africa (northeastern) and Red Sea;13.18;41.725;1611;Basalt / Picro-Basalt;Rift zone / Intermediate crust (15-25 km)
221104;Asavyo;Ethiopia;Shield;Evidence Credible;Unknown;Africa and Red Sea;Africa (northeastern) and Red Sea;13.07;41.6;1200;Basalt / Picro-Basalt;Rift zone / Intermediate crust (15-25 km)
221105;Mat Ala;Ethiopia;Shield;Evidence Credible;Unknown;Africa and Red Sea;Africa (northeastern) and Red Sea;13.106;41.161;493;Basalt / Picro-Basalt;Rift zone / Intermediate crust (15-25 km)
221106;Tat Ali;Ethiopia;Shield;Evidence Credible;Unknown;Africa and Red Sea;Africa (northeastern) and Red Sea;13.284;41.063;655;Basalt / Picro-Basalt;Rift zone / Intermediate crust (15-25 km)
221107;Borawli;Ethiopia;Stratovolcano;Evidence Credible;Unknown;Africa and Red Sea;Africa (northeastern) and Red Sea;13.304;40.987;784;Basalt / Picro-Basalt;Rift zone / Intermediate crust (15-25 km)
221110;Afdera;Ethiopia;Stratovolcano;Evidence Uncertain;Unknown;Africa and Red Sea;Africa (northeastern) and Red Sea;13.088;40.853;1250;Rhyolite;Rift zone / Intermediate crust (15-25 km)
221111;Ma Alalta;Ethiopia;Stratovolcano;Evidence Credible;Unknown;Africa and Red Sea;Africa (northeastern) and Red Sea;13.013;40.185;1745;Rhyolite;Rift zone / Intermediate crust (15-25 km)
221112;Alayta;Ethiopia;Shield;Eruption Observed;1915 CE;Africa and Red Sea;Africa (northeastern) and Red Sea;12.888;40.573;1496;Basalt / Picro-Basalt;Rift zone / Intermediate crust (15-25 km)
221113;Dabbahu;Ethiopia;Stratovolcano;Eruption Observed;2005 CE;Africa and Red Sea;Africa (northeastern) and Red Sea;12.595;40.48;1401;Basalt / Picro-Basalt;Rift zone / Intermediate crust (15-25 km)
221114;Dabbayra;Ethiopia;Shield;Evidence Credible;Unknown;Africa and Red Sea;Africa (northeastern) and Red Sea;12.38;40.07;1302;Basalt / Picro-Basalt;Rift zone / Intermediate crust (15-25 km)
221115;Manda Hararo;Ethiopia;Shield(s);Eruption Observed;2009 CE;Africa and Red Sea;Africa (northeastern) and Red Sea;12.17;40.82;600;Basalt / Picro-Basalt;Rift zone / Intermediate crust (15-25 km)
221116;Groppo;Ethiopia;Stratovolcano;Evidence Credible;Unknown;Africa and Red Sea;Africa (northeastern) and Red Sea;11.73;40.25;930;Rhyolite;Rift zone / Intermediate crust (15-25 km)
221120;Kurub;Ethiopia;Shield;Evidence Credible;Unknown;Africa and Red Sea;Africa (northeastern) and Red Sea;11.88;41.208;625;Basalt / Picro-Basalt;Rift zone / Intermediate crust (15-25 km)
221121;Borawli;Ethiopia;Lava dome(s);Evidence Credible;Unknown;Africa and Red Sea;Africa (northeastern) and Red Sea;11.63;41.45;875;Rhyolite;Rift zone / Intermediate crust (15-25 km)
221122;Manda-Inakir;Ethiopia-Djibouti;Fissure vent(s);Eruption Observed;1928 CE;Africa and Red Sea;Africa (northeastern) and Red Sea;12.38;42.2;600;Basalt / Picro-Basalt;Rift zone / Intermediate crust (15-25 km)
221123;Mousa Alli;Ethiopia-Eritrea-Djibouti;Stratovolcano;Evidence Credible;Unknown;Africa and Red Sea;Africa (northeastern) and Red Sea;12.47;42.4;2028;Rhyolite;Rift zone / Intermediate crust (15-25 km)
221124;Gufa;Eritrea-Djibouti;Volcanic field;Evidence Credible;Unknown;Africa and Red Sea;Africa (northeastern) and Red Sea;12.55;42.53;600;Basalt / Picro-Basalt;Rift zone / Intermediate crust (15-25 km)
221125;Assab Volcanic Field;Eritrea;Volcanic field;Evidence Credible;Unknown;Africa and Red Sea;Africa (northeastern) and Red Sea;12.95;42.43;987;Basalt / Picro-Basalt;Rift zone / Intermediate crust (15-25 km)
221126;Ardoukoba;Djibouti;Fissure vent(s);Eruption Observed;1978 CE;Africa and Red Sea;Africa (northeastern) and Red Sea;11.58;42.47;298;Basalt / Picro-Basalt;Rift zone / Intermediate crust (15-25 km)
221127;Manda Gargori;Ethiopia;Fissure vent(s);Evidence Credible;Unknown;Africa and Red Sea;Africa (northeastern) and Red Sea;11.75;41.48;0;Basalt / Picro-Basalt;Rift zone / Intermediate crust (15-25 km)
221141;Dama Ali;Ethiopia;Shield;Eruption Observed;1631 CE;Africa and Red Sea;Africa (northeastern) and Red Sea;11.28;41.63;1068;Basalt / Picro-Basalt;Rift zone / Intermediate crust (15-25 km)
221150;Gabillema;Ethiopia;Stratovolcano;Evidence Credible;Unknown;Africa and Red Sea;Africa (northeastern) and Red Sea;11.08;41.27;1459;Rhyolite;Rift zone / Intermediate crust (15-25 km)
221151;Yangudi;Ethiopia;Complex;Evidence Credible;Unknown;Africa and Red Sea;Africa (northeastern) and Red Sea;10.58;41.042;1383;Rhyolite;Rift zone / Intermediate crust (15-25 km)
221160;Ayelu;Ethiopia;Stratovolcano;Evidence Credible;Unknown;Africa and Red Sea;Africa (northeastern) and Red Sea;10.082;40.702;2145;Rhyolite;Rift zone / Intermediate crust (15-25 km)
221170;Adwa;Ethiopia;Stratovolcano;Evidence Credible;Unknown;Africa and Red Sea;Africa (northeastern) and Red Sea;10.07;40.84;1733;Rhyolite;Rift zone / Intermediate crust (15-25 km)
221171;Hertali;Ethiopia;Fissure vent;Evidence Credible;Unknown;Africa and Red Sea;Africa (northeastern) and Red Sea;9.78;40.33;900;Basalt / Picro-Basalt;Rift zone / Intermediate crust (15-25 km)
221172;Liado Hayk;Ethiopia;Maar(s);Evidence Uncertain;Unknown;Africa and Red Sea;Africa (northeastern) and Red Sea;9.57;40.28;878;No Data (checked);Rift zone / Continental crust (>25 km)
221180;Dofan;Ethiopia;Stratovolcano;Evidence Credible;Unknown;Africa and Red Sea;Africa (northeastern) and Red Sea;9.35;40.13;1151;Rhyolite;Rift zone / Continental crust (>25 km)
221190;Fentale;Ethiopia;Stratovolcano;Eruption Observed;1820 CE;Africa and Red Sea;Africa (northeastern) and Red Sea;8.975;39.93;2007;Rhyolite;Rift zone / Continental crust (>25 km)
221191;Beru;Ethiopia;Volcanic field;Evidence Credible;Unknown;Africa and Red Sea;Africa (northeastern) and Red Sea;8.95;39.75;1100;Basalt / Picro-Basalt;Rift zone / Continental crust (>25 km)
221200;Kone;Ethiopia;Caldera(s);Eruption Observed;1820 CE;Africa and Red Sea;Africa (northeastern) and Red Sea;8.8;39.692;1619;Rhyolite;Rift zone / Continental crust (>25 km)
221201;Unnamed;Ethiopia;Pyroclastic cone(s);Evidence Credible;Unknown;Africa and Red Sea;Africa (northeastern) and Red Sea;8.7;39.63;1300;Basalt / Picro-Basalt;Rift zone / Continental crust (>25 km)
221210;Boset-Bericha;Ethiopia;Stratovolcano(es);Evidence Credible;Unknown;Africa and Red Sea;Africa (northeastern) and Red Sea;8.558;39.475;2447;Rhyolite;Rift zone / Continental crust (>25 km)
221220;Bishoftu Volcanic Field;Ethiopia;Fissure vent(s);Evidence Credible;Unknown;Africa and Red Sea;Africa (northeastern) and Red Sea;8.78;38.98;1850;Basalt / Picro-Basalt;Rift zone / Continental crust (>25 km)
221222;Sodore;Ethiopia;Pyroclastic cone(s);Evidence Credible;Unknown;Africa and Red Sea;Africa (northeastern) and Red Sea;8.43;39.35;1765;Basalt / Picro-Basalt;Intraplate / Continental crust (>25 km)
221230;Gedamsa;Ethiopia;Caldera;Evidence Credible;Unknown;Africa and Red Sea;Africa (northeastern) and Red Sea;8.35;39.18;1984;Rhyolite;Rift zone / Continental crust (>25 km)
221240;Bora-Bericcio;Ethiopia;Pyroclastic cone(s);Evidence Credible;Unknown;Africa and Red Sea;Africa (northeastern) and Red Sea;8.27;39.03;2285;Rhyolite;Rift zone / Continental crust (>25 km)
221250;Tullu Moje;Ethiopia;Pyroclastic cone;Eruption Observed;1900 CE;Africa and Red Sea;Africa (northeastern) and Red Sea;8.158;39.13;2349;Rhyolite;Rift zone / Continental crust (>25 km)
